name,mz,mzmin,mzmax,rt,rtmin,rtmax,npeaks,QC_1,QC_2,S01,S02,S03,S04,S05,S06,S07,S08
M895T381,895.1395,895.1375,895.1415,381.3,378.3,384.3,9,319207.0,20463.4,441017.6,NA,624303.1,65226.5,788574.7,105674.8,40548.6,271175.7
M186T397,186.2356,186.2336,186.23760000000001,397.4,394.4,400.4,7,537062.3,495117.4,279783.2,184160.7,269654.5,NA,NA,608569.2,265186.5,12534.8
M895T393,895.3308,895.3288,895.3327999999999,393.5,390.5,396.5,7,44162.5,938187.8,262633.4,932314.6,531554.8,446241.2,271251.8,994504.5,NA,NA
M494T880,494.6363,494.6343,494.6383,880.9,877.9,883.9,10,447608.5,650455.9,546360.3,970342.1,215965.9,199425.9,729115.3,989448.6,837151.3,NA
M592T795,592.8676,592.8656000000001,592.8696,795.5,792.5,798.5,9,85400.4,870667.3,282651.3,293765.4,158375.4,263979.8,972650.4,245202.0,310238.4,2067.8
M392T442,392.9338,392.9318,392.93580000000003,442.9,439.9,445.9,6,776461.8,NA,144721.3,394584.7,630040.2,NA,853394.3,892908.4,596962.8,720956.6
M485T277,485.2364,485.2344,485.2384,277.2,274.2,280.2,5,NA,892050.4,734118.3,140168.3,504866.7,804872.9,584477.5,683212.5,230710.8,NA
M189T343,189.1364,189.1344,189.13840000000002,343.8,340.8,346.8,4,451934.8,NA,NA,245315.1,457491.6,NA,897959.7,NA,745982.2,809409.6
M773T234,773.8296,773.8276000000001,773.8316,234.3,231.3,237.3,6,650282.3,845685.7,NA,288031.8,NA,199091.8,332441.2,693193.9,134307.6,486312.2
M877T116,877.4574,877.4554,877.4594,116.6,113.6,119.6,6,291565.6,465198.2,119384.4,200050.8,936318.1,NA,820077.8,450001.5,210627.4,211498.1
M556T153,556.8073,556.8053000000001,556.8093,153.3,150.3,156.3,7,133472.5,509235.6,703633.7,897808.0,25809.6,NA,451309.5,141566.5,316762.0,2739.6
M695T760,695.6019,695.5999,695.6039,760.0,757.0,763.0,4,196545.4,NA,253959.0,NA,870102.0,NA,755900.7,281357.1,NA,635328.5
M202T874,202.1098,202.1078,202.11180000000002,874.8,871.8,877.8,9,190659.2,956209.1,812150.3,913510.5,549678.9,50426.6,451409.6,644846.2,49927.9,128184.0
M467T329,467.191,467.18899999999996,467.193,329.0,326.0,332.0,7,739006.5,406803.1,483698.8,120622.8,76095.4,812014.7,453533.1,759488.6,548237.5,175520.4
M535T307,535.8168,535.8148,535.8187999999999,307.8,304.8,310.8,8,570048.1,749907.9,414469.7,377488.9,62997.5,967717.6,503892.4,862998.5,271749.9,400357.4
M445T859,445.6039,445.6019,445.6059,859.9,856.9,862.9,3,425774.7,804445.0,490334.5,NA,928232.6,468683.3,783324.1,152916.2,109781.5,701302.7
M774T808,774.137,774.135,774.1389999999999,808.6,805.6,811.6,4,40506.7,233344.3,645860.3,128838.9,636654.8,113020.6,NA,583308.1,224359.5,11451.2
M327T430,327.2475,327.2455,327.2495,430.8,427.8,433.8,8,883890.3,235533.3,960653.6,308090.4,NA,674788.8,257998.9,925235.7,35063.3,421136.3
M639T202,639.7047,639.7027,639.7067,202.3,199.3,205.3,7,505373.5,969888.9,820184.5,222221.4,295637.9,496269.0,224100.8,665629.0,147236.7,213736.1
M878T153,878.7782,878.7762,878.7801999999999,153.5,150.5,156.5,3,184920.7,712322.7,114092.4,NA,191492.8,525272.8,312515.3,839287.9,442992.7,79163.8
M146T395,146.2256,146.22359999999998,146.2276,395.6,392.6,398.6,4,759046.2,768963.4,804132.3,NA,196520.1,446901.2,737582.5,632030.5,625782.9,376192.1
M460T728,460.5215,460.5195,460.5235,728.9,725.9,731.9,3,747539.5,339730.5,957731.9,262910.3,317167.1,4767.8,916543.1,943306.9,NA,475713.9
M864T859,864.5577,864.5557,864.5596999999999,859.9,856.9,862.9,9,913630.4,133574.6,9696.5,304011.5,152163.9,861381.1,784049.2,512372.9,160777.4,649896.5
M474T503,474.9857,474.9837,474.9877,503.8,500.8,506.8,5,883591.2,265626.4,NA,NA,710061.4,234962.1,620687.3,748229.1,664760.8,841030.3
M320T523,320.9014,320.8994,320.90340000000003,523.2,520.2,526.2,8,261074.7,186550.7,282072.7,189061.9,NA,246703.3,649991.0,464451.8,NA,NA
M803T231,803.9165,803.9145000000001,803.9185,231.1,228.1,234.1,10,41321.5,120097.4,972992.2,930243.6,866261.2,260688.3,945756.4,596550.9,218427.8,142228.1
M247T251,247.2607,247.2587,247.26270000000002,251.8,248.8,254.8,6,819014.3,372437.4,78856.8,NA,484023.5,796048.0,155397.6,653405.3,271895.7,668143.1
M422T74,422.6332,422.6312,422.6352,74.7,71.7,77.7,8,19195.0,802417.8,391340.4,942045.4,157410.3,91397.5,365362.4,130845.1,NA,806661.8
M405T528,405.3097,405.3077,405.31170000000003,528.4,525.4,531.4,8,172514.0,162652.9,68029.6,753802.3,804905.0,837455.0,NA,315211.4,636731.4,NA
M664T628,664.0944,664.0924,664.0963999999999,628.7,625.7,631.7,5,856731.0,615114.4,473482.3,42670.9,157322.4,150317.7,815834.1,883978.7,672581.2,324878.6
M399T426,399.6659,399.6639,399.66790000000003,426.5,423.5,429.5,7,308903.4,389822.8,504074.8,4504.6,465807.9,618956.7,836708.6,400942.0,NA,365967.0
M737T468,737.8712,737.8692000000001,737.8732,468.8,465.8,471.8,3,NA,922203.9,720673.1,NA,894972.6,784458.5,NA,NA,692857.0,132485.9
M806T280,806.2699,806.2679,806.2719,280.5,277.5,283.5,5,721358.2,833203.0,252968.5,613918.2,456946.4,964363.5,592295.9,238161.8,199743.2,636935.2
M308T315,308.1225,308.1205,308.1245,315.2,312.2,318.2,9,785084.4,531190.5,360419.3,555624.9,882652.4,992961.7,394862.2,265489.4,577783.2,764874.6
M442T183,442.6709,442.6689,442.6729,183.8,180.8,186.8,3,516590.7,965991.3,928530.8,733305.7,222415.9,625992.4,364734.9,NA,612906.9,NA
M124T523,124.6023,124.6003,124.6043,523.4,520.4,526.4,7,357794.4,584007.3,204980.2,475426.9,936654.3,150163.8,NA,871414.3,402550.9,12484.5
M608T519,608.8568,608.8548000000001,608.8588,519.2,516.2,522.2,8,578894.0,518064.9,165934.1,NA,NA,NA,160057.4,105812.9,657143.1,413765.1
M504T589,504.9716,504.9696,504.97360000000003,589.1,586.1,592.1,9,175464.8,300965.9,NA,783191.2,7343.1,745442.3,742013.2,226722.5,233064.4,NA
M355T682,355.1232,355.1212,355.1252,682.2,679.2,685.2,7,266721.7,436616.7,523721.4,642361.2,217778.5,16212.5,236873.2,944753.2,327544.5,329225.2
M276T819,276.1176,276.1156,276.1196,819.6,816.6,822.6,10,531087.7,NA,NA,234594.7,789413.2,585747.0,172374.5,NA,622347.2,977430.7
